date,day_of_week,is_weekend,is_holiday,is_payday,is_beautiful_date,is_ramadhan,is_lebaran,total_sales
2023-01-01,6,1,1,0,1,0,0,25985030
2023-01-02,0,0,0,0,0,0,0,18629411
2023-01-03,1,0,0,0,0,0,0,16751718
2023-01-04,2,0,0,0,0,0,0,16223344
2023-01-05,3,0,0,0,0,0,0,15533500
2023-01-06,4,0,0,0,0,0,0,15445774
2023-01-07,5,1,0,0,0,0,0,17891920
2023-01-08,6,1,0,0,0,0,0,18527844
2023-01-09,0,0,0,0,0,0,0,16580265
2023-01-10,1,0,0,0,0,0,0,15842332
2023-01-11,2,0,0,0,0,0,0,15939288
2023-01-12,3,0,0,0,0,0,0,15949705
2023-01-13,4,0,0,0,0,0,0,15822044
2023-01-14,5,1,0,0,0,0,0,18225169
2023-01-15,6,1,0,1,0,0,0,19867283
2023-01-16,0,0,0,0,0,0,0,16827289
2023-01-17,1,0,0,0,0,0,0,16140944
2023-01-18,2,0,0,0,0,0,0,15691087
2023-01-19,3,0,0,0,0,0,0,15893740
2023-01-20,4,0,0,0,0,0,0,15783947
2023-01-21,5,1,0,0,0,0,0,17924421
2023-01-22,6,1,1,0,0,0,0,23502084
2023-01-23,0,0,1,0,0,0,0,25874908
2023-01-24,1,0,0,0,0,0,0,18759077
2023-01-25,2,0,0,0,0,0,0,16574017
2023-01-26,3,0,0,0,0,0,0,15932500
2023-01-27,4,0,0,0,0,0,0,15902561
2023-01-28,5,1,0,0,0,0,0,18081348
2023-01-29,6,1,0,0,0,0,0,18745411
2023-01-30,0,0,0,0,0,0,0,16727786
2023-01-31,1,0,0,1,0,0,0,17350344
2023-02-01,2,0,0,0,0,0,0,15386118
2023-02-02,3,0,0,0,1,0,0,16587746
2023-02-03,4,0,0,0,0,0,0,15333913
2023-02-04,5,1,0,0,0,0,0,17329529
2023-02-05,6,1,0,0,0,0,0,18035942
2023-02-06,0,0,0,0,0,0,0,15890841
2023-02-07,1,0,0,0,0,0,0,15120224
2023-02-08,2,0,0,0,0,0,0,14891782
2023-02-09,3,0,0,0,0,0,0,15081388
2023-02-10,4,0,0,0,0,0,0,15154485
2023-02-11,5,1,0,0,0,0,0,17260407
2023-02-12,6,1,0,0,0,0,0,17638365
2023-02-13,0,0,0,0,0,0,0,15832137
2023-02-14,1,0,0,0,0,0,0,15270061
2023-02-15,2,0,0,1,0,0,0,15962350
2023-02-16,3,0,0,0,0,0,0,15441205
2023-02-17,4,0,0,0,0,0,0,15171490
2023-02-18,5,1,1,0,0,0,0,22289066
2023-02-19,6,1,0,0,0,0,0,19300911
2023-02-20,0,0,0,0,0,0,0,16340869
2023-02-21,1,0,0,0,0,0,0,15512736
2023-02-22,2,0,0,0,0,0,0,14898818
2023-02-23,3,0,0,0,0,0,0,14913702
2023-02-24,4,0,0,0,0,0,0,14891795
2023-02-25,5,1,0,0,0,0,0,16933374
2023-02-26,6,1,0,0,0,0,0,17622232
2023-02-27,0,0,0,0,0,0,0,16048284
2023-02-28,1,0,0,1,0,0,0,15990843
2023-03-01,2,0,0,0,0,0,0,16240036
2023-03-02,3,0,0,0,0,0,0,15587783
2023-03-03,4,0,0,0,1,0,0,17284318
2023-03-04,5,1,0,0,0,0,0,18451181
2023-03-05,6,1,0,0,0,0,0,18894615
2023-03-06,0,0,0,0,0,0,0,16824072
2023-03-07,1,0,0,0,0,0,0,16217998
2023-03-08,2,0,0,0,0,0,0,15826321
2023-03-09,3,0,0,0,0,0,0,15687938
2023-03-10,4,0,0,0,0,0,0,15889033
2023-03-11,5,1,0,0,0,0,0,17954526
2023-03-12,6,1,0,0,0,0,0,18335068
2023-03-13,0,0,0,0,0,0,0,16317278
2023-03-14,1,0,0,0,0,0,0,15751233
2023-03-15,2,0,0,1,0,0,0,16731030
2023-03-16,3,0,0,0,0,0,0,16070479
2023-03-17,4,0,0,0,0,0,0,15973020
2023-03-18,5,1,0,0,0,0,0,17927695
2023-03-19,6,1,0,0,0,0,0,18643266
2023-03-20,0,0,0,0,0,0,0,16732931
2023-03-21,1,0,0,0,0,0,0,15988036
2023-03-22,2,0,1,0,0,0,0,23339275
2023-03-23,3,0,1,0,0,1,0,30573046
2023-03-24,4,0,1,0,0,1,0,32885964
2023-03-25,5,1,1,0,0,1,0,33570913
2023-03-26,6,1,1,0,0,1,0,33387461
2023-03-27,0,0,1,0,0,1,0,34136389
2023-03-28,1,0,1,0,0,1,0,33904159
2023-03-29,2,0,1,0,0,1,0,34064716
2023-03-30,3,0,1,0,0,1,0,34336590
2023-03-31,4,0,1,1,0,1,0,36329872
2023-04-01,5,1,1,0,0,1,0,36775984
2023-04-02,6,1,1,0,0,1,0,36008503
2023-04-03,0,0,1,0,0,1,0,35615690
2023-04-04,1,0,1,0,1,1,0,39417572
2023-04-05,2,0,1,0,0,1,0,36005759
2023-04-06,3,0,1,0,0,1,0,35102447
2023-04-07,4,0,1,0,0,1,0,34893722
2023-04-08,5,1,1,0,0,1,0,34993994
2023-04-09,6,1,1,0,0,1,0,35723284
2023-04-10,0,0,1,0,0,1,0,35288792
2023-04-11,1,0,1,0,0,1,0,35422367
2023-04-12,2,0,1,0,0,1,0,36301973
2023-04-13,3,0,1,0,0,1,0,35737281
2023-04-14,4,0,1,0,0,1,0,36115310
2023-04-15,5,1,1,1,0,1,0,37356935
2023-04-16,6,1,1,0,0,1,0,36129258
2023-04-17,0,0,1,0,0,1,0,35388290
2023-04-18,1,0,1,0,0,1,0,35471800
2023-04-19,2,0,1,0,0,1,0,36087113
2023-04-20,3,0,1,0,0,1,0,34986609
2023-04-21,4,0,1,0,0,1,0,35738411
2023-04-22,5,1,1,0,0,0,1,45463050
2023-04-23,6,1,1,0,0,0,1,48060167
2023-04-24,0,0,1,0,0,0,1,24096366
2023-04-25,1,0,1,0,0,0,1,17053351
2023-04-26,2,0,1,0,0,0,1,14882541
2023-04-27,3,0,1,0,0,0,1,14304657
2023-04-28,4,0,1,0,0,0,1,14111000
2023-04-29,5,1,1,0,0,0,1,14204971
2023-04-30,6,1,0,1,0,0,0,19170576
2023-05-01,0,0,1,0,0,0,0,23488619
2023-05-02,1,0,0,0,0,0,0,18104527
2023-05-03,2,0,0,0,0,0,0,16496782
2023-05-04,3,0,0,0,0,0,0,16223785
2023-05-05,4,0,0,0,1,0,0,17722354
2023-05-06,5,1,0,0,0,0,0,18625395
2023-05-07,6,1,0,0,0,0,0,19140276
2023-05-08,0,0,0,0,0,0,0,16548646
2023-05-09,1,0,0,0,0,0,0,15872039
2023-05-10,2,0,0,0,0,0,0,15616352
2023-05-11,3,0,0,0,0,0,0,15638277
2023-05-12,4,0,0,0,0,0,0,15463516
2023-05-13,5,1,0,0,0,0,0,18009105
2023-05-14,6,1,0,0,0,0,0,18583730
2023-05-15,0,0,0,1,0,0,0,17190236
2023-05-16,1,0,0,0,0,0,0,15995457
2023-05-17,2,0,0,0,0,0,0,15881244
2023-05-18,3,0,1,0,0,0,0,23447384
2023-05-19,4,0,0,0,0,0,0,18426114
2023-05-20,5,1,0,0,0,0,0,19400340
2023-05-21,6,1,0,0,0,0,0,19141479
2023-05-22,0,0,0,0,0,0,0,16585615
2023-05-23,1,0,0,0,0,0,0,15608920
2023-05-24,2,0,0,0,0,0,0,15756868
2023-05-25,3,0,0,0,0,0,0,15602681
2023-05-26,4,0,0,0,0,0,0,15629482
2023-05-27,5,1,0,0,0,0,0,17783876
2023-05-28,6,1,0,0,0,0,0,18534118
2023-05-29,0,0,0,0,0,0,0,16781108
2023-05-30,1,0,0,0,0,0,0,16088189
2023-05-31,2,0,0,1,0,0,0,16701975
2023-06-01,3,0,1,0,0,0,0,21909514
2023-06-02,4,0,1,0,0,0,0,23486715
2023-06-03,5,1,0,0,0,0,0,19543889
2023-06-04,6,1,1,0,0,0,0,23344342
2023-06-05,0,0,0,0,0,0,0,17812690
2023-06-06,1,0,0,0,1,0,0,17445024
2023-06-07,2,0,0,0,0,0,0,15905486
2023-06-08,3,0,0,0,0,0,0,15184269
2023-06-09,4,0,0,0,0,0,0,14847915
2023-06-10,5,1,0,0,0,0,0,16851699
2023-06-11,6,1,0,0,0,0,0,17503212
2023-06-12,0,0,0,0,0,0,0,16123445
2023-06-13,1,0,0,0,0,0,0,15193290
2023-06-14,2,0,0,0,0,0,0,15204722
2023-06-15,3,0,0,1,0,0,0,15730763
2023-06-16,4,0,0,0,0,0,0,15382254
2023-06-17,5,1,0,0,0,0,0,17295515
2023-06-18,6,1,0,0,0,0,0,17755760
2023-06-19,0,0,1,0,0,0,0,22812461
2023-06-20,1,0,1,0,0,0,0,24114562
2023-06-21,2,0,1,0,0,0,0,24890493
2023-06-22,3,0,1,0,0,0,0,24807903
2023-06-23,4,0,1,0,0,0,0,24513408
2023-06-24,5,1,1,0,0,0,0,24406744
2023-06-25,6,1,1,0,0,0,0,24882428
2023-06-26,0,0,1,0,0,0,0,25517410
2023-06-27,1,0,1,0,0,0,0,25211220
2023-06-28,2,0,1,0,0,0,0,25021842
2023-06-29,3,0,1,0,0,0,0,25106591
2023-06-30,4,0,1,1,0,0,0,26925645
2023-07-01,5,1,1,0,0,0,0,25141387
2023-07-02,6,1,1,0,0,0,0,24551467
2023-07-03,0,0,1,0,0,0,0,24894896
2023-07-04,1,0,1,0,0,0,0,24765531
2023-07-05,2,0,1,0,0,0,0,25106423
2023-07-06,3,0,1,0,0,0,0,24744775
2023-07-07,4,0,1,0,1,0,0,26662940
2023-07-08,5,1,1,0,0,0,0,24679602
2023-07-09,6,1,1,0,0,0,0,25120148
2023-07-10,0,0,0,0,0,0,0,18121653
2023-07-11,1,0,0,0,0,0,0,15695708
2023-07-12,2,0,0,0,0,0,0,14932995
2023-07-13,3,0,0,0,0,0,0,15020535
2023-07-14,4,0,0,0,0,0,0,14606302
2023-07-15,5,1,0,1,0,0,0,17518864
2023-07-16,6,1,0,0,0,0,0,17736055
2023-07-17,0,0,0,0,0,0,0,15543141
2023-07-18,1,0,0,0,0,0,0,14952063
2023-07-19,2,0,1,0,0,0,0,21579557
2023-07-20,3,0,0,0,0,0,0,16821760
2023-07-21,4,0,0,0,0,0,0,15577910
2023-07-22,5,1,0,0,0,0,0,17040014
2023-07-23,6,1,0,0,0,0,0,17592526
2023-07-24,0,0,0,0,0,0,0,15216153
2023-07-25,1,0,0,0,0,0,0,14846490
2023-07-26,2,0,0,0,0,0,0,14599332
2023-07-27,3,0,0,0,0,0,0,14460773
2023-07-28,4,0,0,0,0,0,0,14477628
2023-07-29,5,1,0,0,0,0,0,16622525
2023-07-30,6,1,0,0,0,0,0,17523249
2023-07-31,0,0,0,1,0,0,0,16124499
2023-08-01,1,0,0,0,0,0,0,14669359
2023-08-02,2,0,0,0,0,0,0,14295314
2023-08-03,3,0,0,0,0,0,0,14209117
2023-08-04,4,0,0,0,0,0,0,14404443
2023-08-05,5,1,0,0,0,0,0,16398686
2023-08-06,6,1,0,0,0,0,0,17156416
2023-08-07,0,0,0,0,0,0,0,15096238
2023-08-08,1,0,0,0,1,0,0,15867065
2023-08-09,2,0,0,0,0,0,0,14697902
2023-08-10,3,0,0,0,0,0,0,14424685
2023-08-11,4,0,0,0,0,0,0,14331760
2023-08-12,5,1,0,0,0,0,0,16053192
2023-08-13,6,1,0,0,0,0,0,16804009
2023-08-14,0,0,0,0,0,0,0,15054145
2023-08-15,1,0,0,1,0,0,0,15741255
2023-08-16,2,0,0,0,0,0,0,15009401
2023-08-17,3,0,1,0,0,0,0,20844116
2023-08-18,4,0,0,0,0,0,0,16180457
2023-08-19,5,1,0,0,0,0,0,16532180
2023-08-20,6,1,0,0,0,0,0,16811808
2023-08-21,0,0,0,0,0,0,0,15071010
2023-08-22,1,0,0,0,0,0,0,14696775
2023-08-23,2,0,0,0,0,0,0,14262822
2023-08-24,3,0,0,0,0,0,0,14145094
2023-08-25,4,0,0,0,0,0,0,13861541
2023-08-26,5,1,0,0,0,0,0,16096009
2023-08-27,6,1,0,0,0,0,0,16586850
2023-08-28,0,0,0,0,0,0,0,14863035
2023-08-29,1,0,0,0,0,0,0,14288132
2023-08-30,2,0,0,0,0,0,0,14245767
2023-08-31,3,0,0,1,0,0,0,14731129
2023-09-01,4,0,0,0,0,0,0,14597297
2023-09-02,5,1,0,0,0,0,0,17165387
2023-09-03,6,1,0,0,0,0,0,17232663
2023-09-04,0,0,0,0,0,0,0,15271699
2023-09-05,1,0,0,0,0,0,0,15186539
2023-09-06,2,0,0,0,0,0,0,15344180
2023-09-07,3,0,0,0,0,0,0,14692329
2023-09-08,4,0,0,0,0,0,0,14634543
2023-09-09,5,1,0,0,1,0,0,18671399
2023-09-10,6,1,0,0,0,0,0,18305184
2023-09-11,0,0,0,0,0,0,0,15612309
2023-09-12,1,0,0,0,0,0,0,14931626
2023-09-13,2,0,0,0,0,0,0,14902801
2023-09-14,3,0,0,0,0,0,0,14835402
2023-09-15,4,0,0,1,0,0,0,15494148
2023-09-16,5,1,0,0,0,0,0,16968702
2023-09-17,6,1,0,0,0,0,0,17155656
2023-09-18,0,0,0,0,0,0,0,15395849
2023-09-19,1,0,0,0,0,0,0,14863069
2023-09-20,2,0,0,0,0,0,0,14788737
2023-09-21,3,0,0,0,0,0,0,14631382
2023-09-22,4,0,0,0,0,0,0,14760282
2023-09-23,5,1,0,0,0,0,0,16984501
2023-09-24,6,1,0,0,0,0,0,17475337
2023-09-25,0,0,0,0,0,0,0,15592927
2023-09-26,1,0,0,0,0,0,0,14976994
2023-09-27,2,0,0,0,0,0,0,14783111
2023-09-28,3,0,1,0,0,0,0,21337439
2023-09-29,4,0,0,0,0,0,0,16745509
2023-09-30,5,1,0,1,0,0,0,18337868
2023-10-01,6,1,0,0,0,0,0,18653198
2023-10-02,0,0,0,0,0,0,0,16371296
2023-10-03,1,0,0,0,0,0,0,15478911
2023-10-04,2,0,0,0,0,0,0,15010138
2023-10-05,3,0,0,0,0,0,0,14808369
2023-10-06,4,0,0,0,0,0,0,15150960
2023-10-07,5,1,0,0,0,0,0,17200465
2023-10-08,6,1,0,0,0,0,0,17860969
2023-10-09,0,0,0,0,0,0,0,15552988
2023-10-10,1,0,0,0,1,0,0,16927543
2023-10-11,2,0,0,0,0,0,0,15657786
2023-10-12,3,0,0,0,0,0,0,15003010
2023-10-13,4,0,0,0,0,0,0,14918386
2023-10-14,5,1,0,0,0,0,0,17130896
2023-10-15,6,1,0,1,0,0,0,18759168
2023-10-16,0,0,0,0,0,0,0,16076620
2023-10-17,1,0,0,0,0,0,0,15304875
2023-10-18,2,0,0,0,0,0,0,15047366
2023-10-19,3,0,0,0,0,0,0,15040908
2023-10-20,4,0,0,0,0,0,0,15269783
2023-10-21,5,1,0,0,0,0,0,16641936
2023-10-22,6,1,0,0,0,0,0,17542842
2023-10-23,0,0,0,0,0,0,0,15793742
2023-10-24,1,0,0,0,0,0,0,15289921
2023-10-25,2,0,0,0,0,0,0,15021891
2023-10-26,3,0,0,0,0,0,0,14699140
2023-10-27,4,0,0,0,0,0,0,14967141
2023-10-28,5,1,0,0,0,0,0,17452885
2023-10-29,6,1,0,0,0,0,0,17513754
2023-10-30,0,0,0,0,0,0,0,15905296
2023-10-31,1,0,0,1,0,0,0,16049497
2023-11-01,2,0,0,0,0,0,0,16069322
2023-11-02,3,0,0,0,0,0,0,15652325
2023-11-03,4,0,0,0,0,0,0,15659241
2023-11-04,5,1,0,0,0,0,0,18214431
2023-11-05,6,1,0,0,0,0,0,18822805
2023-11-06,0,0,0,0,0,0,0,16990152
2023-11-07,1,0,0,0,0,0,0,16338394
2023-11-08,2,0,0,0,0,0,0,16007199
2023-11-09,3,0,0,0,0,0,0,16147607
2023-11-10,4,0,0,0,0,0,0,15949947
2023-11-11,5,1,0,0,1,0,0,20209440
2023-11-12,6,1,0,0,0,0,0,19227437
2023-11-13,0,0,0,0,0,0,0,16805458
2023-11-14,1,0,0,0,0,0,0,15938485
2023-11-15,2,0,0,1,0,0,0,16884928
2023-11-16,3,0,0,0,0,0,0,15873965
2023-11-17,4,0,0,0,0,0,0,15930945
2023-11-18,5,1,0,0,0,0,0,17967244
2023-11-19,6,1,0,0,0,0,0,18878433
2023-11-20,0,0,0,0,0,0,0,16826502
2023-11-21,1,0,0,0,0,0,0,16407494
2023-11-22,2,0,0,0,0,0,0,16081528
2023-11-23,3,0,0,0,0,0,0,15560595
2023-11-24,4,0,0,0,0,0,0,15680875
2023-11-25,5,1,0,0,0,0,0,17675834
2023-11-26,6,1,0,0,0,0,0,18418468
2023-11-27,0,0,0,0,0,0,0,16828228
2023-11-28,1,0,0,0,0,0,0,16190614
2023-11-29,2,0,0,0,0,0,0,15753755
2023-11-30,3,0,0,1,0,0,0,16431954
2023-12-01,4,0,0,0,0,0,0,16720638
2023-12-02,5,1,0,0,0,0,0,18595165
2023-12-03,6,1,0,0,0,0,0,19283515
2023-12-04,0,0,0,0,0,0,0,17395116
2023-12-05,1,0,0,0,0,0,0,16990932
2023-12-06,2,0,0,0,0,0,0,16764465
2023-12-07,3,0,0,0,0,0,0,16138266
2023-12-08,4,0,0,0,0,0,0,16450069
2023-12-09,5,1,0,0,0,0,0,18811659
2023-12-10,6,1,0,0,0,0,0,19599105
2023-12-11,0,0,0,0,0,0,0,17740851
2023-12-12,1,0,0,0,1,0,0,18148005
2023-12-13,2,0,0,0,0,0,0,16880614
2023-12-14,3,0,0,0,0,0,0,16727933
2023-12-15,4,0,0,1,0,0,0,17163566
2023-12-16,5,1,0,0,0,0,0,19350013
2023-12-17,6,1,0,0,0,0,0,19750094
2023-12-18,0,0,1,0,0,0,0,25500962
2023-12-19,1,0,1,0,0,0,0,26680474
2023-12-20,2,0,1,0,0,0,0,27567441
2023-12-21,3,0,1,0,0,0,0,27931593
2023-12-22,4,0,1,0,0,0,0,27719135
2023-12-23,5,1,1,0,0,0,0,27655984
2023-12-24,6,1,1,0,0,0,0,27650877
2023-12-25,0,0,1,0,0,0,0,27212874
2023-12-26,1,0,1,0,0,0,0,27357063
2023-12-27,2,0,1,0,0,0,0,27398397
2023-12-28,3,0,1,0,0,0,0,27617125
2023-12-29,4,0,1,0,0,0,0,27920069
2023-12-30,5,1,1,0,0,0,0,27218483
2023-12-31,6,1,1,1,0,0,0,28903565
2024-01-01,0,0,1,0,1,0,0,33037707
2024-01-02,1,0,1,0,0,0,0,29823215
2024-01-03,2,0,1,0,0,0,0,28827069
2024-01-04,3,0,1,0,0,0,0,28942402
2024-01-05,4,0,1,0,0,0,0,29236562
2024-01-06,5,1,1,0,0,0,0,28988087
2024-01-07,6,1,1,0,0,0,0,29446157
2024-01-08,0,0,0,0,0,0,0,21134526
2024-01-09,1,0,0,0,0,0,0,18638009
2024-01-10,2,0,0,0,0,0,0,17830902
2024-01-11,3,0,0,0,0,0,0,17947247
2024-01-12,4,0,0,0,0,0,0,17470205
2024-01-13,5,1,0,0,0,0,0,19308107
2024-01-14,6,1,0,0,0,0,0,20734543
2024-01-15,0,0,0,1,0,0,0,19218148
2024-01-16,1,0,0,0,0,0,0,17914749
2024-01-17,2,0,0,0,0,0,0,17766617
2024-01-18,3,0,0,0,0,0,0,17133628
2024-01-19,4,0,0,0,0,0,0,17014598
2024-01-20,5,1,0,0,0,0,0,19268988
2024-01-21,6,1,0,0,0,0,0,20141078
2024-01-22,0,0,0,0,0,0,0,18258684
2024-01-23,1,0,0,0,0,0,0,17711056
2024-01-24,2,0,0,0,0,0,0,17496658
2024-01-25,3,0,0,0,0,0,0,17090941
2024-01-26,4,0,0,0,0,0,0,16787852
2024-01-27,5,1,0,0,0,0,0,19602538
2024-01-28,6,1,0,0,0,0,0,20319331
2024-01-29,0,0,0,0,0,0,0,18316152
2024-01-30,1,0,0,0,0,0,0,17764228
2024-01-31,2,0,0,1,0,0,0,18457144
2024-02-01,3,0,0,0,0,0,0,16969794
2024-02-02,4,0,0,0,1,0,0,18424179
2024-02-03,5,1,0,0,0,0,0,19509697
2024-02-04,6,1,0,0,0,0,0,19550129
2024-02-05,0,0,0,0,0,0,0,17380463
2024-02-06,1,0,0,0,0,0,0,16802018
2024-02-07,2,0,0,0,0,0,0,16748557
2024-02-08,3,0,1,0,0,0,0,24122975
2024-02-09,4,0,0,0,0,0,0,18887216
2024-02-10,5,1,0,0,0,0,0,19464755
2024-02-11,6,1,0,0,0,0,0,19672273
2024-02-12,0,0,0,0,0,0,0,17611364
2024-02-13,1,0,0,0,0,0,0,16449744
2024-02-14,2,0,0,0,0,0,0,16235352
2024-02-15,3,0,0,1,0,0,0,17036459
2024-02-16,4,0,0,0,0,0,0,16211716
2024-02-17,5,1,0,0,0,0,0,18566835
2024-02-18,6,1,0,0,0,0,0,19603169
2024-02-19,0,0,0,0,0,0,0,17376110
2024-02-20,1,0,0,0,0,0,0,16800907
2024-02-21,2,0,0,0,0,0,0,16799945
2024-02-22,3,0,0,0,0,0,0,16845562
2024-02-23,4,0,0,0,0,0,0,16590359
2024-02-24,5,1,0,0,0,0,0,19149785
2024-02-25,6,1,0,0,0,0,0,19626216
2024-02-26,0,0,0,0,0,0,0,17276664
2024-02-27,1,0,0,0,0,0,0,16618576
2024-02-28,2,0,0,0,0,0,0,16250569
2024-02-29,3,0,0,1,0,0,0,17164527
2024-03-01,4,0,0,0,0,0,0,17461961
2024-03-02,5,1,0,0,0,0,0,19986497
2024-03-03,6,1,0,0,1,0,0,23211877
2024-03-04,0,0,0,0,0,0,0,18811689
2024-03-05,1,0,0,0,0,0,0,17850406
2024-03-06,2,0,0,0,0,0,0,17272300
2024-03-07,3,0,0,0,0,0,0,17405137
2024-03-08,4,0,0,0,0,0,0,17322544
2024-03-09,5,1,0,0,0,0,0,19305676
2024-03-10,6,1,0,0,0,0,0,20569860
2024-03-11,0,0,1,0,0,1,0,32129264
2024-03-12,1,0,1,0,0,1,0,35634450
2024-03-13,2,0,1,0,0,1,0,36404403
2024-03-14,3,0,1,0,0,1,0,36853728
2024-03-15,4,0,1,1,0,1,0,39677324
2024-03-16,5,1,1,0,0,1,0,38079994
2024-03-17,6,1,1,0,0,1,0,37872967
2024-03-18,0,0,1,0,0,1,0,37828338
2024-03-19,1,0,1,0,0,1,0,38318791
2024-03-20,2,0,1,0,0,1,0,37591744
2024-03-21,3,0,1,0,0,1,0,36777647
2024-03-22,4,0,1,0,0,1,0,37870395
2024-03-23,5,1,1,0,0,1,0,37463163
2024-03-24,6,1,1,0,0,1,0,38100944
2024-03-25,0,0,1,0,0,1,0,37908006
2024-03-26,1,0,1,0,0,1,0,37579734
2024-03-27,2,0,1,0,0,1,0,37733460
2024-03-28,3,0,1,0,0,1,0,38621593
2024-03-29,4,0,1,0,0,1,0,38954232
2024-03-30,5,1,1,0,0,1,0,37998980
2024-03-31,6,1,1,1,0,1,0,39868962
2024-04-01,0,0,1,0,0,1,0,40650268
2024-04-02,1,0,1,0,0,1,0,39257001
2024-04-03,2,0,1,0,0,1,0,39487971
2024-04-04,3,0,1,0,1,1,0,43486641
2024-04-05,4,0,1,0,0,1,0,40746314
2024-04-06,5,1,1,0,0,1,0,39292582
2024-04-07,6,1,1,0,0,1,0,38440137
2024-04-08,0,0,1,0,0,1,0,37918260
2024-04-09,1,0,1,0,0,1,0,38287801
2024-04-10,2,0,1,0,0,0,1,49407090
2024-04-11,3,0,1,0,0,0,1,50000000
2024-04-12,4,0,1,0,0,0,1,26848241
2024-04-13,5,1,1,0,0,0,1,18970819
2024-04-14,6,1,1,0,0,0,1,16388633
2024-04-15,0,0,1,1,0,0,1,16619537
2024-04-16,1,0,1,0,0,0,1,15742011
2024-04-17,2,0,1,0,0,0,1,15491746
2024-04-18,3,0,0,0,0,0,0,17391765
2024-04-19,4,0,0,0,0,0,0,18053638
2024-04-20,5,1,0,0,0,0,0,20575885
2024-04-21,6,1,0,0,0,0,0,21689090
2024-04-22,0,0,0,0,0,0,0,18969921
2024-04-23,1,0,0,0,0,0,0,18397317
2024-04-24,2,0,0,0,0,0,0,18774252
2024-04-25,3,0,0,0,0,0,0,18384512
2024-04-26,4,0,0,0,0,0,0,18523836
2024-04-27,5,1,0,0,0,0,0,20826406
2024-04-28,6,1,0,0,0,0,0,21641496
2024-04-29,0,0,0,0,0,0,0,19185424
2024-04-30,1,0,0,1,0,0,0,19438055
2024-05-01,2,0,1,0,0,0,0,25463745
2024-05-02,3,0,0,0,0,0,0,19853597
2024-05-03,4,0,0,0,0,0,0,17911461
2024-05-04,5,1,0,0,0,0,0,20087875
2024-05-05,6,1,0,0,1,0,0,23065033
2024-05-06,0,0,0,0,0,0,0,19121094
2024-05-07,1,0,0,0,0,0,0,17805969
2024-05-08,2,0,0,0,0,0,0,17561048
2024-05-09,3,0,1,0,0,0,0,25356032
2024-05-10,4,0,0,0,0,0,0,19923406
2024-05-11,5,1,0,0,0,0,0,20085813
2024-05-12,6,1,0,0,0,0,0,20497341
2024-05-13,0,0,0,0,0,0,0,17874308
2024-05-14,1,0,0,0,0,0,0,17187602
2024-05-15,2,0,0,1,0,0,0,18551704
2024-05-16,3,0,0,0,0,0,0,17873949
2024-05-17,4,0,0,0,0,0,0,17344259
2024-05-18,5,1,0,0,0,0,0,19391844
2024-05-19,6,1,0,0,0,0,0,19651506
2024-05-20,0,0,0,0,0,0,0,17913097
2024-05-21,1,0,0,0,0,0,0,17990655
2024-05-22,2,0,0,0,0,0,0,17612597
2024-05-23,3,0,1,0,0,0,0,25270071
2024-05-24,4,0,0,0,0,0,0,19802525
2024-05-25,5,1,0,0,0,0,0,20115146
2024-05-26,6,1,0,0,0,0,0,20515427
2024-05-27,0,0,0,0,0,0,0,18302235
2024-05-28,1,0,0,0,0,0,0,17600766
2024-05-29,2,0,0,0,0,0,0,17567570
2024-05-30,3,0,0,0,0,0,0,17467432
2024-05-31,4,0,0,1,0,0,0,18483821
2024-06-01,5,1,1,0,0,0,0,24266068
2024-06-02,6,1,0,0,0,0,0,21347214
2024-06-03,0,0,0,0,0,0,0,18267734
2024-06-04,1,0,0,0,0,0,0,16843566
2024-06-05,2,0,0,0,0,0,0,16432188
2024-06-06,3,0,0,0,1,0,0,18507865
2024-06-07,4,0,0,0,0,0,0,17065525
2024-06-08,5,1,0,0,0,0,0,19303939
2024-06-09,6,1,0,0,0,0,0,19548955
2024-06-10,0,0,0,0,0,0,0,17694782
2024-06-11,1,0,0,0,0,0,0,16883744
2024-06-12,2,0,0,0,0,0,0,16664831
2024-06-13,3,0,0,0,0,0,0,16850656
2024-06-14,4,0,0,0,0,0,0,16535555
2024-06-15,5,1,1,1,0,0,0,25359347
2024-06-16,6,1,1,0,0,0,0,26685106
2024-06-17,0,0,1,0,0,0,0,27429680
2024-06-18,1,0,1,0,0,0,0,26876086
2024-06-19,2,0,1,0,0,0,0,27558251
2024-06-20,3,0,1,0,0,0,0,27310047
2024-06-21,4,0,1,0,0,0,0,27884921
2024-06-22,5,1,1,0,0,0,0,26693685
2024-06-23,6,1,1,0,0,0,0,26955277
2024-06-24,0,0,1,0,0,0,0,26687292
2024-06-25,1,0,1,0,0,0,0,26938089
2024-06-26,2,0,1,0,0,0,0,27426777
2024-06-27,3,0,1,0,0,0,0,27409030
2024-06-28,4,0,1,0,0,0,0,27375157
2024-06-29,5,1,1,0,0,0,0,27401260
2024-06-30,6,1,1,1,0,0,0,29094946
2024-07-01,0,0,1,0,0,0,0,27038392
2024-07-02,1,0,1,0,0,0,0,27243211
2024-07-03,2,0,1,0,0,0,0,27287986
2024-07-04,3,0,1,0,0,0,0,27196670
2024-07-05,4,0,1,0,0,0,0,27233980
2024-07-06,5,1,1,0,0,0,0,27147032
2024-07-07,6,1,1,0,1,0,0,30721867
2024-07-08,0,0,1,0,0,0,0,28048698
2024-07-09,1,0,1,0,0,0,0,27163746
2024-07-10,2,0,1,0,0,0,0,26729817
2024-07-11,3,0,1,0,0,0,0,26494471
2024-07-12,4,0,1,0,0,0,0,26343801
2024-07-13,5,1,1,0,0,0,0,26432797
2024-07-14,6,1,1,0,0,0,0,26768170
2024-07-15,0,0,1,1,0,0,0,28540870
2024-07-16,1,0,0,0,0,0,0,19890908
2024-07-17,2,0,0,0,0,0,0,17141853
2024-07-18,3,0,0,0,0,0,0,16631375
2024-07-19,4,0,0,0,0,0,0,16447901
2024-07-20,5,1,0,0,0,0,0,18481029
2024-07-21,6,1,0,0,0,0,0,18979301
2024-07-22,0,0,0,0,0,0,0,17116251
2024-07-23,1,0,0,0,0,0,0,16489335
2024-07-24,2,0,0,0,0,0,0,15992610
2024-07-25,3,0,0,0,0,0,0,16103958
2024-07-26,4,0,0,0,0,0,0,16199620
2024-07-27,5,1,0,0,0,0,0,18239012
2024-07-28,6,1,0,0,0,0,0,19097480
2024-07-29,0,0,0,0,0,0,0,16773791
2024-07-30,1,0,0,0,0,0,0,16603208
2024-07-31,2,0,0,1,0,0,0,17459741
2024-08-01,3,0,0,0,0,0,0,16003898
2024-08-02,4,0,0,0,0,0,0,15840136
2024-08-03,5,1,0,0,0,0,0,17390182
2024-08-04,6,1,0,0,0,0,0,18130293
2024-08-05,0,0,0,0,0,0,0,16357862
2024-08-06,1,0,0,0,0,0,0,15683791
2024-08-07,2,0,0,0,0,0,0,15808282
2024-08-08,3,0,0,0,1,0,0,17780902
2024-08-09,4,0,0,0,0,0,0,16091596
2024-08-10,5,1,0,0,0,0,0,17810696
2024-08-11,6,1,0,0,0,0,0,18561877
2024-08-12,0,0,0,0,0,0,0,16835695
2024-08-13,1,0,0,0,0,0,0,15799666
2024-08-14,2,0,0,0,0,0,0,15757941
2024-08-15,3,0,0,1,0,0,0,16937397
2024-08-16,4,0,0,0,0,0,0,15751652
2024-08-17,5,1,1,0,0,0,0,22544444
2024-08-18,6,1,0,0,0,0,0,19837371
2024-08-19,0,0,0,0,0,0,0,16828508
2024-08-20,1,0,0,0,0,0,0,16169657
2024-08-21,2,0,0,0,0,0,0,15867590
2024-08-22,3,0,0,0,0,0,0,15408180
2024-08-23,4,0,0,0,0,0,0,15689208
2024-08-24,5,1,0,0,0,0,0,17747020
2024-08-25,6,1,0,0,0,0,0,18770783
2024-08-26,0,0,0,0,0,0,0,16488964
2024-08-27,1,0,0,0,0,0,0,15802767
2024-08-28,2,0,0,0,0,0,0,15812288
2024-08-29,3,0,0,0,0,0,0,15855706
2024-08-30,4,0,0,0,0,0,0,15811157
2024-08-31,5,1,0,1,0,0,0,18564209
2024-09-01,6,1,0,0,0,0,0,19449734
2024-09-02,0,0,0,0,0,0,0,16958797
2024-09-03,1,0,0,0,0,0,0,16451023
2024-09-04,2,0,0,0,0,0,0,15985719
2024-09-05,3,0,0,0,0,0,0,16198914
2024-09-06,4,0,0,0,0,0,0,16026508
2024-09-07,5,1,0,0,0,0,0,18100389
2024-09-08,6,1,0,0,0,0,0,19174511
2024-09-09,0,0,0,0,1,0,0,18821626
2024-09-10,1,0,0,0,0,0,0,16849660
2024-09-11,2,0,0,0,0,0,0,16647662
2024-09-12,3,0,0,0,0,0,0,16230169
2024-09-13,4,0,0,0,0,0,0,16194107
2024-09-14,5,1,0,0,0,0,0,18501908
2024-09-15,6,1,0,1,0,0,0,20068493
2024-09-16,0,0,1,0,0,0,0,25063307
2024-09-17,1,0,0,0,0,0,0,18737356
2024-09-18,2,0,0,0,0,0,0,16862550
2024-09-19,3,0,0,0,0,0,0,16634827
2024-09-20,4,0,0,0,0,0,0,16113140
2024-09-21,5,1,0,0,0,0,0,17870536
2024-09-22,6,1,0,0,0,0,0,19308644
2024-09-23,0,0,0,0,0,0,0,17592523
2024-09-24,1,0,0,0,0,0,0,16520302
2024-09-25,2,0,0,0,0,0,0,15909706
2024-09-26,3,0,0,0,0,0,0,16033338
2024-09-27,4,0,0,0,0,0,0,16075005
2024-09-28,5,1,0,0,0,0,0,18362305
2024-09-29,6,1,0,0,0,0,0,18839442
2024-09-30,0,0,0,1,0,0,0,17994433
2024-10-01,1,0,0,0,0,0,0,17159466
2024-10-02,2,0,0,0,0,0,0,16410166
2024-10-03,3,0,0,0,0,0,0,16607644
2024-10-04,4,0,0,0,0,0,0,16927434
2024-10-05,5,1,0,0,0,0,0,18977952
2024-10-06,6,1,0,0,0,0,0,19475462
2024-10-07,0,0,0,0,0,0,0,17365302
2024-10-08,1,0,0,0,0,0,0,16878027
2024-10-09,2,0,0,0,0,0,0,16280253
2024-10-10,3,0,0,0,1,0,0,18202967
2024-10-11,4,0,0,0,0,0,0,16935725
2024-10-12,5,1,0,0,0,0,0,19367564
2024-10-13,6,1,0,0,0,0,0,19630034
2024-10-14,0,0,0,0,0,0,0,17760078
2024-10-15,1,0,0,1,0,0,0,17572555
2024-10-16,2,0,0,0,0,0,0,16934813
2024-10-17,3,0,0,0,0,0,0,16691928
2024-10-18,4,0,0,0,0,0,0,16390286
2024-10-19,5,1,0,0,0,0,0,18818064
2024-10-20,6,1,0,0,0,0,0,19785510
2024-10-21,0,0,0,0,0,0,0,17423322
2024-10-22,1,0,0,0,0,0,0,16451293
2024-10-23,2,0,0,0,0,0,0,16482006
2024-10-24,3,0,0,0,0,0,0,16320884
2024-10-25,4,0,0,0,0,0,0,16380364
2024-10-26,5,1,0,0,0,0,0,18755261
2024-10-27,6,1,0,0,0,0,0,19092572
2024-10-28,0,0,0,0,0,0,0,16966756
2024-10-29,1,0,0,0,0,0,0,16732823
2024-10-30,2,0,0,0,0,0,0,16469223
2024-10-31,3,0,0,1,0,0,0,16881555
2024-11-01,4,0,0,0,0,0,0,17603826
2024-11-02,5,1,0,0,0,0,0,19900211
2024-11-03,6,1,0,0,0,0,0,20349912
2024-11-04,0,0,0,0,0,0,0,17966309
2024-11-05,1,0,0,0,0,0,0,17686330
2024-11-06,2,0,0,0,0,0,0,17504011
2024-11-07,3,0,0,0,0,0,0,17860285
2024-11-08,4,0,0,0,0,0,0,17570516
2024-11-09,5,1,0,0,0,0,0,19918192
2024-11-10,6,1,0,0,0,0,0,20487968
2024-11-11,0,0,0,0,1,0,0,20282869
2024-11-12,1,0,0,0,0,0,0,18338705
2024-11-13,2,0,0,0,0,0,0,17882115
2024-11-14,3,0,0,0,0,0,0,17386761
2024-11-15,4,0,0,1,0,0,0,18218680
2024-11-16,5,1,0,0,0,0,0,19902397
2024-11-17,6,1,0,0,0,0,0,20715527
2024-11-18,0,0,0,0,0,0,0,18645017
2024-11-19,1,0,0,0,0,0,0,17628261
2024-11-20,2,0,0,0,0,0,0,17330120
2024-11-21,3,0,0,0,0,0,0,17390018
2024-11-22,4,0,0,0,0,0,0,17294830
2024-11-23,5,1,0,0,0,0,0,19972368
2024-11-24,6,1,0,0,0,0,0,19998540
2024-11-25,0,0,0,0,0,0,0,17959963
2024-11-26,1,0,0,0,0,0,0,17357342
2024-11-27,2,0,0,0,0,0,0,16865700
2024-11-28,3,0,0,0,0,0,0,16992433
2024-11-29,4,0,0,0,0,0,0,17040253
2024-11-30,5,1,0,1,0,0,0,20776635
2024-12-01,6,1,0,0,0,0,0,22058603
2024-12-02,0,0,0,0,0,0,0,19270688
2024-12-03,1,0,0,0,0,0,0,18267931
2024-12-04,2,0,0,0,0,0,0,18173319
2024-12-05,3,0,0,0,0,0,0,18379157
2024-12-06,4,0,0,0,0,0,0,18012087
2024-12-07,5,1,0,0,0,0,0,20418249
2024-12-08,6,1,0,0,0,0,0,21513401
2024-12-09,0,0,0,0,0,0,0,19112109
2024-12-10,1,0,0,0,0,0,0,18575737
2024-12-11,2,0,0,0,0,0,0,18274830
2024-12-12,3,0,0,0,1,0,0,20264062
2024-12-13,4,0,0,0,0,0,0,18565040
2024-12-14,5,1,0,0,0,0,0,20812440
2024-12-15,6,1,1,1,0,0,0,29016366
2024-12-16,0,0,1,0,0,0,0,29364979
2024-12-17,1,0,1,0,0,0,0,29322360
2024-12-18,2,0,1,0,0,0,0,30262121
2024-12-19,3,0,1,0,0,0,0,30105008
2024-12-20,4,0,1,0,0,0,0,29773566
2024-12-21,5,1,1,0,0,0,0,30066337
2024-12-22,6,1,1,0,0,0,0,30672616
2024-12-23,0,0,1,0,0,0,0,29410891
2024-12-24,1,0,1,0,0,0,0,29364440
2024-12-25,2,0,1,0,0,0,0,29593489
2024-12-26,3,0,1,0,0,0,0,30671855
2024-12-27,4,0,1,0,0,0,0,30496231
2024-12-28,5,1,1,0,0,0,0,30648828
2024-12-29,6,1,1,0,0,0,0,29886789
2024-12-30,0,0,1,0,0,0,0,29666913
2024-12-31,1,0,1,1,0,0,0,31973894
2025-01-01,2,0,1,0,1,0,0,35670389
2025-01-02,3,0,1,0,0,0,0,33178876
2025-01-03,4,0,1,0,0,0,0,32103959
2025-01-04,5,1,1,0,0,0,0,31988621
2025-01-05,6,1,1,0,0,0,0,31900647
2025-01-06,0,0,0,0,0,0,0,23083370
2025-01-07,1,0,0,0,0,0,0,20444689
2025-01-08,2,0,0,0,0,0,0,19113497
2025-01-09,3,0,0,0,0,0,0,18574646
2025-01-10,4,0,0,0,0,0,0,19135368
2025-01-11,5,1,0,0,0,0,0,22065801
2025-01-12,6,1,0,0,0,0,0,22355731
2025-01-13,0,0,0,0,0,0,0,19633458
2025-01-14,1,0,0,0,0,0,0,19252305
2025-01-15,2,0,0,1,0,0,0,20406678
2025-01-16,3,0,0,0,0,0,0,19861925
2025-01-17,4,0,0,0,0,0,0,19413619
2025-01-18,5,1,0,0,0,0,0,21733209
2025-01-19,6,1,0,0,0,0,0,22289970
2025-01-20,0,0,0,0,0,0,0,20029786
2025-01-21,1,0,0,0,0,0,0,19282647
2025-01-22,2,0,0,0,0,0,0,18899355
2025-01-23,3,0,0,0,0,0,0,19465571
2025-01-24,4,0,0,0,0,0,0,19576830
2025-01-25,5,1,0,0,0,0,0,22184452
2025-01-26,6,1,0,0,0,0,0,22417947
2025-01-27,0,0,1,0,0,0,0,29339338
2025-01-28,1,0,0,0,0,0,0,22284263
2025-01-29,2,0,1,0,0,0,0,29115817
2025-01-30,3,0,0,0,0,0,0,22352841
2025-01-31,4,0,0,1,0,0,0,21265889
2025-02-01,5,1,0,0,0,0,0,21510005
2025-02-02,6,1,0,0,1,0,0,24172015
2025-02-03,0,0,0,0,0,0,0,20028767
2025-02-04,1,0,0,0,0,0,0,18335950
2025-02-05,2,0,0,0,0,0,0,18223491
2025-02-06,3,0,0,0,0,0,0,18054273
2025-02-07,4,0,0,0,0,0,0,17850274
2025-02-08,5,1,0,0,0,0,0,21028431
2025-02-09,6,1,0,0,0,0,0,21993866
2025-02-10,0,0,0,0,0,0,0,19590974
2025-02-11,1,0,0,0,0,0,0,18636332
2025-02-12,2,0,0,0,0,0,0,18581893
2025-02-13,3,0,0,0,0,0,0,18282119
2025-02-14,4,0,0,0,0,0,0,18232577
2025-02-15,5,1,0,1,0,0,0,21635373
2025-02-16,6,1,0,0,0,0,0,21837487
2025-02-17,0,0,0,0,0,0,0,19269032
2025-02-18,1,0,0,0,0,0,0,18209872
2025-02-19,2,0,0,0,0,0,0,18157119
2025-02-20,3,0,0,0,0,0,0,18135252
2025-02-21,4,0,0,0,0,0,0,18526208
2025-02-22,5,1,0,0,0,0,0,21031081
2025-02-23,6,1,0,0,0,0,0,21558232
2025-02-24,0,0,0,0,0,0,0,19225150
2025-02-25,1,0,0,0,0,0,0,18481906
2025-02-26,2,0,0,0,0,0,0,18206603
2025-02-27,3,0,0,0,0,0,0,17937776
2025-02-28,4,0,0,1,0,0,0,19068187
2025-03-01,5,1,1,0,0,1,0,34479051
2025-03-02,6,1,1,0,0,1,0,38524809
2025-03-03,0,0,1,0,1,1,0,45136753
2025-03-04,1,0,1,0,0,1,0,42671081
2025-03-05,2,0,1,0,0,1,0,40672343
2025-03-06,3,0,1,0,0,1,0,41034656
2025-03-07,4,0,1,0,0,1,0,41789864
2025-03-08,5,1,1,0,0,1,0,42053147
2025-03-09,6,1,1,0,0,1,0,42112831
2025-03-10,0,0,1,0,0,1,0,41560218
2025-03-11,1,0,1,0,0,1,0,40883438
2025-03-12,2,0,1,0,0,1,0,40542443
2025-03-13,3,0,1,0,0,1,0,41265815
2025-03-14,4,0,1,0,0,1,0,41502872
2025-03-15,5,1,1,1,0,1,0,44470757
2025-03-16,6,1,1,0,0,1,0,42880974
2025-03-17,0,0,1,0,0,1,0,41691728
2025-03-18,1,0,1,0,0,1,0,40692145
2025-03-19,2,0,1,0,0,1,0,40927049
2025-03-20,3,0,1,0,0,1,0,41307565
2025-03-21,4,0,1,0,0,1,0,41179324
2025-03-22,5,1,1,0,0,1,0,40923604
2025-03-23,6,1,1,0,0,1,0,41327142
2025-03-24,0,0,1,0,0,1,0,41010690
2025-03-25,1,0,1,0,0,1,0,40844011
2025-03-26,2,0,1,0,0,1,0,41337121
2025-03-27,3,0,1,0,0,1,0,41072627
2025-03-28,4,0,1,0,0,1,0,41366773
2025-03-29,5,1,1,0,0,1,0,41471840
2025-03-30,6,1,1,0,0,1,0,40686748
2025-03-31,0,0,1,1,0,0,1,50000000
2025-04-01,1,0,1,0,0,0,1,50000000
2025-04-02,2,0,1,0,0,0,1,29727041
2025-04-03,3,0,1,0,0,0,1,20550775
2025-04-04,4,0,1,0,0,0,1,17827572
2025-04-05,5,1,1,0,0,0,1,17230835
2025-04-06,6,1,1,0,0,0,1,17052025
2025-04-07,0,0,1,0,0,0,1,16981084
2025-04-08,1,0,0,0,0,0,0,19352640
2025-04-09,2,0,0,0,0,0,0,19158721
2025-04-10,3,0,0,0,0,0,0,19815338
2025-04-11,4,0,0,0,0,0,0,20283798
2025-04-12,5,1,0,0,0,0,0,22540512
2025-04-13,6,1,0,0,0,0,0,23426592
2025-04-14,0,0,0,0,0,0,0,20828109
2025-04-15,1,0,0,0,0,0,0,20015616
2025-04-16,2,0,0,0,0,0,0,19904189
2025-04-17,3,0,0,0,0,0,0,20279253
2025-04-18,4,0,1,0,0,0,0,30232222
2025-04-19,5,1,0,0,0,0,0,25746367
2025-04-20,6,1,1,0,0,0,0,31903882
2025-04-21,0,0,0,0,0,0,0,23554950
2025-04-22,1,0,0,0,0,0,0,21450462
2025-04-23,2,0,0,0,0,0,0,20388906
2025-04-24,3,0,0,0,0,0,0,20122698
2025-04-25,4,0,0,0,0,0,0,20097437
2025-04-26,5,1,0,0,0,0,0,23688351
2025-04-27,6,1,0,0,0,0,0,24115047
2025-04-28,0,0,0,0,0,0,0,21045274
2025-04-29,1,0,0,0,0,0,0,20514785
2025-04-30,2,0,0,0,0,0,0,20045654
2025-05-01,3,0,1,0,0,0,0,27756316
2025-05-02,4,0,0,0,0,0,0,21869160
2025-05-03,5,1,0,0,0,0,0,22577341
2025-05-04,6,1,0,0,0,0,0,22855827
2025-05-05,0,0,0,0,0,0,0,20200107
2025-05-06,1,0,0,0,0,0,0,19475117
2025-05-07,2,0,0,0,0,0,0,19277269
2025-05-08,3,0,0,0,0,0,0,18692769
2025-05-09,4,0,0,0,0,0,0,19096284
2025-05-10,5,1,0,0,0,0,0,21475177
2025-05-11,6,1,0,0,0,0,0,22066040
2025-05-12,0,0,1,0,0,0,0,28827587
2025-05-13,1,0,0,0,0,0,0,22007198
2025-05-14,2,0,0,0,0,0,0,19788216
2025-05-15,3,0,0,0,0,0,0,19461483
2025-05-16,4,0,0,0,0,0,0,18880277
2025-05-17,5,1,0,0,0,0,0,21563807
2025-05-18,6,1,0,0,0,0,0,22321394
2025-05-19,0,0,0,0,0,0,0,20026309
2025-05-20,1,0,0,0,0,0,0,19410143
2025-05-21,2,0,0,0,0,0,0,18939199
2025-05-22,3,0,0,0,0,0,0,19183044
2025-05-23,4,0,0,0,0,0,0,19109169
2025-05-24,5,1,0,0,0,0,0,21236269
2025-05-25,6,1,0,0,0,0,0,21856618
2025-05-26,0,0,0,0,0,0,0,19894496
2025-05-27,1,0,0,0,0,0,0,19259468
2025-05-28,2,0,0,0,0,0,0,19095095
2025-05-29,3,0,1,0,0,0,0,27949834
2025-05-30,4,0,0,0,0,0,0,21775349
2025-05-31,5,1,0,0,0,0,0,22793741
